Time (Hr),DL (Large Particles),Ds (Small Particles),DL+Ds,WPC
50.0,2.2408023769472507,0.0,2.2408023769472507,
50.5,13.859761128198322,0.0,13.859761128198322,
51.0,9.5817788362281,9.774046829090764,19.355825665318864,
51.5,7.012444683940731,5.069036517774938,12.081481201715668,
52.0,0.0,19.351351332309243,19.351351332309243,
52.5,0.0,17.240806852153224,17.240806852153224,
53.0,0.0,3.119720550936279,3.119720550936279,
53.5,12.761797915498704,0.7970030029387729,13.558800918437477,
54.0,7.562700234864175,4.555572245018007,12.118272479882183,
54.5,9.804926555920908,11.025548275444232,20.830474831365137,
55.0,0.0,1.5119092246862866,1.5119092246862866,
55.5,15.250672043239886,12.34916723547402,27.599839278713908,
56.0,12.607252816008437,6.0631495657372145,18.670402381745653,
56.5,0.31205721356552374,10.499715425559407,10.81177263912493,
57.0,0.0,7.1809958740595015,7.1809958740595015,
57.5,0.0,3.0914727862575297,3.0914727862575297,
58.0,2.476444859190755,22.872799208864702,25.349244068055455,
58.5,6.997403632644758,17.49047382479283,24.487877457437587,
59.0,5.252800372842314,0.0,5.252800372842314,
59.5,2.5510578039608376,20.966739276937382,23.51779708089822,
60.0,9.07705789444759,9.70293594748541,18.779993841933,
60.5,0.0,22.08526680682274,22.08526680682274,
61.0,2.9127929707043627,19.414457678419453,22.327250649123815,
61.5,4.513511865873834,8.346705134077004,12.860216999950838,
62.0,6.424999684340719,0.0,6.424999684340719,
62.5,13.125394227860273,3.9978207815483824,17.123215009408653,
63.0,1.5345756431671944,12.362226439826008,13.896802082993203,
63.5,7.945963768272233,15.29464659478442,23.240610363056653,
64.0,9.63069137724085,4.205430562996068,13.836121940236918,
64.5,0.0,0.8293822221847247,0.8293822221847247,
65.0,10.178397038028768,21.877907103978977,32.05630414200775,
65.5,1.5619574737458315,26.544765421106565,28.106722894852396,
66.0,0.0,12.967505469080576,12.967505469080576,
66.5,17.37998574506667,2.5326785754491077,19.912664320515777,
67.0,17.841740661491187,5.73841979558107,23.580160457072257,
67.5,14.824821962329223,0.0,14.824821962329223,
68.0,4.877875383467414,25.376164196814972,30.254039580282388,
68.5,0.8687172801276812,1.6708324867042368,2.539549766831918,
69.0,12.730560530243139,15.626294265427608,28.35685479567075,
69.5,7.98052487479203,6.746356620616183,14.726881495408213,
70.0,1.750764696895577,15.345340075473803,17.09610477236938,
70.5,9.347013202225401,18.459311650555925,27.806324852781326,
71.0,0.26567042230436755,24.007054111216046,24.272724533520414,
71.5,17.899683041575642,5.506938152818092,23.406621194393736,
72.0,5.025199632000337,0.0,5.025199632000337,
72.5,13.23732068707964,3.8240689020642176,17.061389589143857,
73.0,6.359321521788219,26.921759255443153,33.281080777231374,
73.5,10.665635423556214,26.343002326875453,37.00863775043167,
74.0,11.338605586865592,18.255193065109246,29.593798651974836,
74.5,4.242564110510541,18.556205813009598,22.79876992352014,
75.0,20.079192555291172,20.701100236387664,40.78029279167883,
75.5,16.33313146722229,6.2218383587034864,22.554969825925777,
76.0,19.764378831283782,28.605158377748793,48.36953720903257,
76.5,19.015822008552973,13.949415746762192,32.965237755315165,
77.0,13.223099576221703,13.095355847484926,26.31845542370663,
77.5,19.849359700462337,17.385031158485127,37.234390858947464,
78.0,3.32945004103839,3.4441790032516515,6.7736290442900415,
78.5,5.627932248382905,7.242801062682382,12.870733311065287,
79.0,2.762445778210761,24.61580849279111,27.37825427100187,
79.5,8.515081615265288,5.180660037753794,13.695741653019082,
80.0,9.93354579378964,21.01456328399165,30.94810907778129,
80.5,7.739455635477919,10.505173290439632,18.244628925917553,
81.0,19.040650183038586,15.049668421259295,34.09031860429788,
81.5,9.755341533871787,12.259112103120998,22.014453636992783,
82.0,8.394290193747615,14.497381493948476,22.89167168769609,
82.5,13.785796663164971,25.628877155527366,39.414673818692336,
83.0,5.907584499495255,13.202851468695256,19.11043596819051,
83.5,19.291214615080797,21.514439208906918,40.80565382398771,
84.0,4.897412873595417,19.038312065972992,23.93572493956841,
84.5,23.304213732010346,24.902834960879446,48.20704869288979,
85.0,19.17239538593315,33.334892179742745,52.507287565675895,
85.5,7.863788630683449,27.44586291630751,35.30965154699096,
86.0,4.162842342472047,12.157011357722698,16.319853700194745,
86.5,20.52550356909668,6.885794051838539,27.411297620935223,
87.0,18.51824687695234,14.06112132899475,32.57936820594709,
87.5,19.127018360819747,24.289837921007642,43.41685628182739,
88.0,20.13900693371891,8.22597440452751,28.36498133824642,
88.5,6.362168034681806,21.821287416037087,28.183455450718895,
89.0,12.219214570885452,25.084085467506675,37.30330003839212,
89.5,7.5368561905025935,17.456016724508824,24.992872915011418,
90.0,22.65206851751187,30.80736611237466,53.45943462988653,
90.5,18.027437536551158,11.130647594013155,29.158085130564313,
91.0,12.351860497052984,10.440933452074265,22.79279394912725,
91.5,7.178442005720472,30.2879626861081,37.46640469182857,
92.0,12.301246434313242,23.56393948618595,35.865185920499194,
92.5,12.760541440534942,29.60957189283208,42.37011333336702,
93.0,21.02522356676128,22.26202015811239,43.28724372487367,
93.5,19.361424427104264,16.870360997173204,36.23178542427747,
94.0,24.53265485152653,34.31386953022599,58.84652438175252,
94.5,16.411773503238987,33.98717636906938,50.398949872308364,
95.0,9.539384918766036,31.110894125632804,40.65027904439884,
95.5,21.5933707444599,18.70105411689888,40.29442486135878,
96.0,22.72610097233795,28.511720006072615,51.23782097841057,
96.5,18.91881895138993,21.903516908200807,40.82233585959074,
97.0,23.296443599091223,14.092662199799026,37.38910579889025,
97.5,17.937786927287817,39.136907263867286,57.0746941911551,
98.0,18.702256587639884,15.995758927568847,34.69801551520873,
98.5,16.985095367170995,40.67342061462408,57.65851598179508,
99.0,9.130282534881903,25.822973188738672,34.95325572362057,
99.5,10.968303539866088,18.274687865158594,29.242991405024682,
100.0,9.628583713734688,29.25702842135075,38.88561213508544,
100.5,21.91868322527561,39.469075076292256,61.38775830156787,
101.0,15.669019621526536,35.52954659228684,51.19856621381338,
101.5,19.745688823294056,38.0431344358435,57.78882325913756,
102.0,27.918929478521857,33.89470100132152,61.81363047984338,
102.5,14.947719582977495,35.18579693553556,50.13351651851306,
103.0,18.36475846071259,40.18106954695958,58.54582800767217,
103.5,25.464297770860973,22.48434026577558,47.94863803663655,
104.0,15.126363309832449,29.967548909294212,45.093912219126665,
104.5,12.288073196575859,22.212983254588067,34.501056451163926,
105.0,16.74252905827536,45.500040239899405,62.242569298174764,
105.5,14.371900745080088,44.4864801905984,58.85838093567849,
106.0,29.94235304685146,17.643604341055177,47.58595738790663,
106.5,27.71268259128834,37.92555517547065,65.63823776675899,
107.0,24.421175130208468,44.81464952246997,69.23582465267845,
107.5,29.386086803754353,22.77476035382,52.16084715757435,
108.0,28.235041537982287,34.69755691657888,62.93259845456117,
108.5,16.098676177720716,45.426948927641256,61.52562510536197,
109.0,30.425079969799555,19.28517935757396,49.710259327373514,
109.5,23.56831983831301,39.49530801740519,63.0636278557182,
110.0,29.138803103281248,27.800470221176518,56.939273324457766,
110.5,31.121300998469863,46.92058586129592,78.04188685976578,
111.0,19.769969499437277,48.63054735496104,68.40051685439832,
111.5,15.822313490553537,48.138294673403024,63.960608163956564,
112.0,18.392303250838836,34.34962649972392,52.741929750562754,
112.5,22.589030772525128,46.29877952967941,68.88781030220454,
113.0,30.621395318449864,46.08968195605211,76.71107727450197,
113.5,31.690886665126868,30.64331419729767,62.33420086242454,
114.0,14.831442610623817,46.25626422452032,61.08770683514414,
114.5,25.124421051551316,22.818929041464777,47.94335009301609,
115.0,23.475720062975583,39.918096354461596,63.39381641743718,
115.5,19.788631209414607,29.252965118631096,49.0415963280457,
116.0,17.963707346673658,26.293806573318363,44.25751391999202,
116.5,22.53957842807256,25.31089604887628,47.85047447694884,
117.0,34.86729407825039,44.217863276344204,79.0851573545946,
117.5,22.695933640415102,33.85374891304198,56.54968255345709,
118.0,26.831412434867318,45.73020314586284,72.56161558073015,
118.5,30.740654177903554,26.278990223968272,57.01964440187183,
119.0,24.178492047585877,34.10951013491831,58.28800218250419,
119.5,36.568116654419214,41.16943877126011,77.73755542567932,
120.0,36.60894589884222,49.041694945168906,85.65064084401112,
120.5,22.62412091650728,35.21927508796209,57.84339600446937,
121.0,27.762870117847708,44.771541293110275,72.53441141095799,
121.5,24.06584119633539,52.91363244708562,76.97947364342102,
122.0,23.97640988754935,45.151095645469134,69.12750553301848,
122.5,19.24961394709065,34.00628424260901,53.255898189699664,
123.0,30.936386679597938,28.093223446696143,59.02961012629408,
123.5,29.03285546457723,53.8092662170279,82.84212168160514,
124.0,20.243975024999784,28.690882325511613,48.93485735051139,
124.5,25.02340428473223,54.64175018052598,79.66515446525821,
125.0,37.852817719333075,44.618114020816364,82.47093174014944,
125.5,24.71671281333945,57.27273095538689,81.98944376872635,
126.0,23.062297441824462,53.41629707320996,76.47859451503442,
126.5,30.19333020555126,59.74432331600012,89.93765352155138,
127.0,40.35810908221202,40.682554463551305,81.04066354576332,
127.5,25.72798043023001,53.5331486679338,79.2611290981638,
128.0,34.572310948117575,42.933127408277265,77.50543835639485,
128.5,36.60566730657435,45.63056860911726,82.23623591569161,
129.0,26.370650879847993,50.4199638965511,76.7906147763991,
129.5,36.42780197223719,58.167013425590156,94.59481539782735,
130.0,29.46566265438507,61.842504075978866,91.30816673036394,
130.5,35.00359161187159,55.73290241593554,90.73649402780714,
131.0,35.2764942152179,45.583803465020026,80.86029768023792,
131.5,33.570768681495174,46.05901006831211,79.62977874980729,
132.0,24.911395401088168,55.91466904766675,80.82606444875492,
132.5,40.06292491178476,41.320814373049075,81.38373928483384,
133.0,30.02470129943472,37.84342339394185,67.86812469337657,
133.5,27.592645207997087,45.5409647292233,73.13360993722038,
134.0,24.931902831095286,43.89396974962246,68.82587258071774,
134.5,36.189333863764844,44.541943613679706,80.73127747744455,
135.0,38.17878723684565,43.0382325314973,81.21701976834295,
135.5,25.216231578557124,37.67149568909086,62.88772726764799,
136.0,35.38426116598562,37.32501804200243,72.70927920798805,
136.5,29.931190503958764,66.80197169208095,96.73316219603971,
137.0,38.56455580818901,50.38639401207588,88.9509498202649,
137.5,29.409203580099835,49.46729941479046,78.8765029948903,
138.0,40.00235476204932,58.7126184807921,98.71497324284142,
138.5,34.18098192601076,45.257916635951936,79.4388985619627,
139.0,45.4444997747347,67.59763551850676,113.04213529324147,
139.5,29.72489388291988,63.07905043246657,92.80394431538645,
140.0,34.06132702100517,42.562330069367796,76.62365709037297,
140.5,29.77594542481179,52.80012327354787,82.57606869835966,
141.0,46.26777236557125,67.04034922686493,113.30812159243618,
141.5,45.58906206761961,69.4042606687423,114.9933227363619,
142.0,33.47043255430311,55.48124533749609,88.95167789179919,
142.5,41.78155592068357,60.25984167632123,102.0413975970048,
143.0,45.19754400402431,47.26821838276224,92.46576238678655,
143.5,40.229291231989244,72.39335878410928,112.62265001609853,
144.0,39.991411567120124,50.0109510415033,90.00236260862343,
144.5,34.50952081800902,71.74665322405376,106.25617404206278,
145.0,31.809555356117983,63.35939946977105,95.16895482588903,
145.5,48.16779015906653,62.50880384636577,110.67659400543229,
146.0,48.50876114326661,60.065455330495254,108.57421647376187,
146.5,43.44030414546536,52.01439435153276,95.45469849699812,
147.0,37.837695820974005,50.80104096016524,88.63873678113924,
147.5,38.321066492253216,52.53208627210526,90.85315276435847,
148.0,56.95936802803991,63.90942348051794,120.86879150855785,
148.5,49.84148019905154,70.1338342070026,119.97531440605414,
149.0,49.923628485302345,57.6665577750019,107.59018626030425,
149.5,48.062985917152474,49.315980296901884,97.37896621405436,
150.0,45.59063292308576,77.07307890422433,122.6637118273101,
150.5,34.71827429990097,74.93427654890276,109.65255084880373,
151.0,36.554474281892276,76.67536849585639,113.22984277774867,
151.5,51.580358770541594,79.11353467939306,130.69389344993465,
152.0,46.026181193191796,54.90805747658462,100.93423866977642,
152.5,34.37081603233259,62.00476056707976,96.37557659941234,
153.0,36.50653085732064,73.29235427112273,109.79888512844337,
153.5,48.038310382161114,71.85491854161377,119.89322892377488,
154.0,35.16163167692437,56.02167719019566,91.18330886712003,
154.5,38.56963602834997,76.31169374971853,114.8813297780685,
155.0,46.62217578733173,59.00321715509983,105.62539294243156,
155.5,49.78037895385387,59.419228444678694,109.19960739853256,
156.0,49.27762519005201,69.2500326868024,118.5276578768544,
156.5,41.0206611892112,71.36649804525109,112.38715923446229,
157.0,51.07668442695072,71.41978623513434,122.49647066208506,
157.5,41.876856749936,57.20210512193266,99.07896187186867,
158.0,43.93959396318536,81.2230258789114,125.16261984209676,
158.5,52.66210310236048,63.31030127766119,115.97240438002167,
159.0,51.0265579809443,59.67224763848412,110.69880561942841,
159.5,55.32094320988356,82.89514239606933,138.21608560595288,
160.0,51.79225784600687,85.3495449468926,137.14180279289948,
160.5,50.310647066709436,82.99252851796354,133.30317558467297,
161.0,41.12339535656186,81.86428224174637,122.98767759830822,
161.5,46.91059106118867,77.68755941917064,124.59815048035931,
162.0,45.16764735363451,75.00892111827417,120.17656847190868,
162.5,45.05166786758168,61.54710279734232,106.59877066492399,
163.0,59.94131109504892,71.64679639212096,131.58810748716988,
163.5,48.65322949333522,71.03095551036942,119.68418500370464,
164.0,58.94333110354227,68.10141351280978,127.04474461635206,
164.5,54.03724751994526,82.47130341065755,136.5085509306028,
165.0,57.62372607083297,76.10627205236312,133.72999812319608,
165.5,52.09421686210385,64.12408647722944,116.21830333933329,
166.0,53.89447769252719,68.76229605849436,122.65677375102155,
166.5,52.52262887637728,83.12006290978789,135.6426917861652,
167.0,46.8939597559609,65.373125784709,112.26708554066991,
167.5,57.75591730523012,89.09370742146308,146.8496247266932,
168.0,49.241047248817125,78.88159581041924,128.12264305923637,
168.5,44.43159432862909,78.91589731979946,123.34749164842854,
169.0,57.175345918143364,82.74303353978554,139.9183794579289,
169.5,48.129688588140986,90.18512897775449,138.31481756589548,
170.0,63.71917168705829,76.3542762370658,140.07344792412408,
170.5,64.31204654005177,86.73718457677191,151.04923111682368,
171.0,63.85518780440897,83.84675891987374,147.70194672428272,
171.5,53.2864490051089,75.36514810508265,128.65159711019155,
172.0,46.51873233057734,94.19409959065473,140.71283192123207,
172.5,65.1032462517545,92.24028064820783,157.34352689996234,
173.0,55.42878296634628,88.55475503975276,143.98353800609905,
173.5,66.52737138087339,94.80375187282726,161.33112325370064,
174.0,66.79679954178505,95.79162602879406,162.5884255705791,
174.5,64.91566410934719,91.51158930145102,156.42725341079822,
175.0,54.07647784139171,95.86039985091014,149.93687769230183,
175.5,56.2224295720385,92.1648438500785,148.387273422117,
176.0,65.87713343033712,92.13702315280901,158.01415658314613,
176.5,55.527715103125544,90.78464134645552,146.31235644958105,
177.0,52.914954933721845,95.30269918672921,148.21765412045107,
177.5,60.997900249167,77.97565315879221,138.97355340795923,
178.0,68.92269548321562,100.14132277596785,169.06401825918346,
178.5,64.45887093349945,100.36960583235694,164.8284767658564,
179.0,62.279123401787295,75.59221849103677,137.87134189282406,
179.5,53.16200487541537,99.99120251694288,153.15320739235824,
180.0,63.86014453398339,79.58609602420336,143.44624055818673,
180.5,71.70355200208526,86.27826562777426,157.9818176298595,
181.0,55.04758030473048,99.03604768874823,154.0836279934787,
181.5,62.95686804727473,82.06109688144925,145.01796492872398,
182.0,70.4830614385591,102.28621072357187,172.76927216213096,
182.5,68.09724735508408,103.22152533873225,171.31877269381633,
183.0,67.56941481990535,93.99323201282509,161.56264683273042,
183.5,68.02695667974218,79.47387615150501,147.50083283124718,
184.0,61.516223024395096,88.40794399524738,149.92416701964248,
184.5,60.54831188528986,98.82050755127227,159.36881943656215,
185.0,71.21472310957027,110.2655853408227,181.48030845039295,
185.5,71.58174289358362,100.30310581050004,171.88484870408365,
186.0,73.07384637160207,89.66290743192481,162.73675380352688,
186.5,74.35108605112943,101.41047109298833,175.76155714411777,
187.0,66.66794797721876,99.11276139147567,165.78070936869443,
187.5,66.82720089374399,106.83286185453431,173.6600627482783,
188.0,73.1195035793355,87.17261916480875,160.29212274414425,
188.5,70.5105536155553,107.32113707506085,177.83169069061614,
189.0,71.90923754515407,101.25679736028331,173.16603490543739,
189.5,74.14532838872202,114.43846011576983,188.58378850449185,
190.0,76.39010683635132,96.33616498116058,172.7262718175119,
190.5,65.71137813703072,105.59135679401845,171.30273493104917,
191.0,66.82555905279888,115.10764316530052,181.93320221809938,
191.5,61.55691379681739,90.75759183972039,152.31450563653777,
192.0,71.60720281992349,116.33605461709354,187.94325743701702,
192.5,61.12572047593484,109.3940716690244,170.51979214495924,
193.0,70.08506036264922,91.33231177315517,161.41737213580438,
193.5,71.99316769415154,98.86720700840449,170.86037470255604,
194.0,67.23922504256569,111.62596265935846,178.86518770192416,
194.5,73.69414021138022,92.94521804406315,166.63935825544337,
195.0,62.85750499878099,108.93511380528821,171.7926188040692,
195.5,63.36543877498429,102.39319170858872,165.758630483573,
196.0,79.44241121319317,111.19226553302434,190.6346767462175,
196.5,70.56708782822525,94.48656101437538,165.05364884260064,
197.0,66.2783102530377,119.8113041845713,186.089614437609,
197.5,74.5567402010961,123.42216907532192,197.97890927641802,
198.0,79.88747106197222,123.83753565857074,203.72500672054298,
198.5,69.18069554993687,117.81585495228776,186.99655050222464,
199.0,77.69970951638001,99.78538720391897,177.485096720299,
199.5,67.32742429987536,119.18859587787068,186.51602017774604,
200.0,67.03363442337216,97.73760749376407,164.77124191713625,
200.5,77.00756763136297,98.22440654586994,175.23197417723293,
201.0,77.57460243220214,107.83110657448626,185.4057090066884,
201.5,79.89287302996414,113.34559571213998,193.23846874210412,
202.0,82.04942667445323,122.36342253423382,204.41284920868705,
202.5,87.4289165892507,120.31636129819518,207.74527788744587,
203.0,78.62310696602391,113.76228119130246,192.38538815732636,
203.5,75.14240445882491,109.16309998844997,184.30550444727487,
204.0,84.97412389537406,131.4385350047313,216.41265890010538,
204.5,74.87512002524147,114.88213906707918,189.75725909232065,
205.0,78.62692841411271,116.21161072989024,194.83853914400294,
205.5,71.8066026268453,108.15341463575007,179.9600172625954,
206.0,71.13541486830914,127.66508646249787,198.800501330807,
206.5,90.2732432935585,125.20876677344464,215.48201006700313,
207.0,88.13270241024412,111.60028838366281,199.73299079390694,
207.5,85.72635912187395,108.02893136847527,193.75529049034924,
208.0,80.3806588882854,126.55417906224139,206.9348379505268,
208.5,76.0631614014169,126.35763642843405,202.42079782985095,
209.0,76.12264085342171,115.50458580994628,191.627226663368,
209.5,78.39633296329191,136.4186068675123,214.8149398308042,
210.0,84.7745332941224,113.01173675342699,197.7862700475494,
210.5,88.48139345400124,122.03874403127804,210.5201374852793,
211.0,87.79384753435463,137.96727760502796,225.76112513938259,
211.5,80.58995293891884,122.84211950778365,203.43207244670248,
212.0,94.49090561326388,129.99897842992257,224.48988404318646,
212.5,90.55481333391535,123.36533193888381,213.92014527279918,
213.0,87.288181050228,120.2596560704601,207.5478371206881,
213.5,88.84068992468704,142.14962943879485,230.9903193634819,
214.0,85.4044012485558,125.50882018945127,210.91322143800707,
214.5,82.37409479002314,140.65167611037404,223.02577090039716,
215.0,84.94695357302521,121.32863817673257,206.27559174975778,
215.5,93.39339720928737,121.42584112075248,214.81923833003987,
216.0,78.9342697725951,116.57082248653533,195.50509225913044,
216.5,81.37872781013832,135.79230476127654,217.17103257141486,
217.0,80.38915284043506,127.90499031171282,208.29414315214788,
217.5,80.69645104637941,143.38824749518912,224.0846985415685,
218.0,97.40481168022013,132.2634972007467,229.66830888096683,
218.5,94.78343218760047,147.72410283744165,242.5075350250421,
219.0,90.60937658174649,124.85656547109363,215.46594205284012,
219.5,83.49915821302002,145.96339503866832,229.46255325168835,
220.0,91.79231750233664,143.81790558375224,235.61022308608887,
220.5,91.84791041561132,144.26435533932158,236.1122657549329,
221.0,86.2619373982003,147.09829684350666,233.36023424170696,
221.5,91.89530798475947,145.20501972828998,237.10032771304947,
222.0,91.60969468794747,141.78180964894247,233.39150433688994,
222.5,96.37887696104433,127.55484633047163,223.93372329151595,
223.0,97.18697301735288,125.21698538473758,222.40395840209047,
223.5,85.8153551954409,152.49173543447063,238.30709062991153,
224.0,92.82665229252945,143.99230943562216,236.8189617281516,
224.5,98.27767331428473,150.0168187292853,248.29449204357002,
225.0,96.25022517160176,141.19567054537652,237.44589571697827,
225.5,103.74527182376644,130.89994566887182,234.64521749263827,
226.0,100.21827263237891,131.7683737660765,231.98664639845543,
226.5,90.7329635416286,149.21325861686913,239.94622215849773,
227.0,89.3164749480086,142.1903768469839,231.50685179499249,
227.5,101.18526056412632,135.93324180101013,237.11850236513646,
228.0,89.29982621083245,145.30303640224312,234.60286261307556,
228.5,100.91878662546927,133.12056811225403,234.0393547377233,
229.0,108.44250482849915,149.29394205743196,257.7364468859311,
229.5,101.58295855751759,140.5465021330529,242.1294606905705,
230.0,98.27339852413044,157.04677301911565,255.3201715432461,
230.5,103.81323936884708,143.0755587677072,246.88879813655427,
231.0,100.55095780983034,148.06740447245406,248.6183622822844,
231.5,102.73761078631873,135.40691619724305,238.14452698356178,
232.0,111.09489617553051,137.88060663383678,248.9755028093673,
232.5,100.4289277560155,148.13230669220056,248.56123444821606,
233.0,112.37291127647829,151.4073650415137,263.780276317992,
233.5,111.6992878391213,155.66291644357912,267.3622042827004,
234.0,97.95222269578595,147.06667736127912,245.01890005706508,
234.5,95.8687010175033,159.82215658379624,255.69085760129954,
235.0,96.94306002754853,165.43367191567614,262.3767319432247,
235.5,95.73891151303098,163.68422966680046,259.4231411798314,
236.0,97.71125921511856,142.13736476045068,239.84862397556924,
236.5,109.93141046832713,156.02550841773487,265.956918886062,
237.0,98.14487296920457,145.42110535254525,243.5659783217498,
237.5,103.55138760587522,150.19885047587582,253.75023808175104,
238.0,114.52110621938907,173.2030777980144,287.72418401740345,
238.5,98.54171371471651,148.5451662870454,247.0868800017619,
239.0,114.81926965177871,159.90544460354067,274.7247142553194,
239.5,104.62157049546799,164.15337202954356,268.77494252501157,
240.0,101.80329655243312,167.35394911632312,269.1572456687562,
240.5,113.83121830728301,163.74216050460743,277.57337881189045,
241.0,112.93275693559767,147.9199254225755,260.8526823581732,
241.5,118.36171527054105,158.09613924731977,276.4578545178608,
242.0,115.97302087607771,164.51054930154135,280.4835701776191,
242.5,117.80149360769695,152.293494974345,270.094988582042,
243.0,107.83379145142614,160.85600793627543,268.68979938770156,
243.5,106.20406587559444,152.01439326374097,258.21845913933544,
244.0,118.13069503281716,154.0581549146506,272.18884994746776,
244.5,119.71916978534529,164.2923982860479,284.0115680713932,
245.0,123.85760284001346,157.0514726212918,280.90907546130524,
245.5,112.76582853822853,170.78292544784674,283.54875398607527,
246.0,112.42076171585566,175.128749074118,287.5495107899736,
246.5,120.97653421483993,179.1519009732725,300.1284351881124,
247.0,112.73317080506037,161.8297073273443,274.56287813240465,
247.5,125.0020215120713,161.54197746777209,286.54399897984337,
248.0,124.02585503686024,160.348235210032,284.37409024689225,
248.5,115.90915554750038,176.9992074863091,292.90836303380945,
249.0,122.81932135582996,179.79707179460704,302.616393150437,
249.5,123.36633248169365,160.24828434476927,283.6146168264629,
250.0,110.81247737671865,188.0863673873107,298.8988447640294,
250.5,127.27653313359133,162.25983850954415,289.53637164313545,
251.0,119.80694744895715,177.64169005903213,297.44863750798925,
251.5,126.70842432215483,183.37811558352746,310.0865399056823,
252.0,117.05859202061224,188.94027371238258,305.99886573299483,
252.5,129.04733956992402,184.94010796397285,313.9874475338969,
253.0,119.40113357468326,188.27704249209376,307.67817606677704,
253.5,112.31502802960598,175.1178057762842,287.4328338058902,
254.0,130.68803952838527,190.08955341239536,320.77759294078066,
254.5,114.88920853572267,168.76014539154028,283.64935392726295,
255.0,119.93377275180829,193.9144996818158,313.8482724336241,
255.5,133.0337143410161,184.21247128461206,317.2461856256282,
256.0,133.53054293875113,193.0197330988748,326.55027603762596,
256.5,126.47403276246573,182.78784853554902,309.2618812980147,
257.0,128.12984424339598,189.24453085589573,317.3743750992917,
257.5,124.95078543956639,186.4495798280834,311.40036526764976,
258.0,122.33581543396129,193.32688565265994,315.6627010866212,
258.5,123.53556590739832,174.55119946091767,298.086765368316,
259.0,130.90426912154078,174.6373625197169,305.5416316412577,
259.5,132.9939655887536,180.96579702030442,313.95976260905803,
260.0,134.27158087451699,179.06634040339569,313.33792127791264,
260.5,134.7268378558911,201.16220699776608,335.8890448536572,
261.0,121.25402206097381,182.31521962074132,303.56924168171514,
261.5,129.81468109405162,205.74625767457394,335.56093876862553,
262.0,121.57477520033291,187.31007375313325,308.8848489534662,
262.5,131.91245264647472,183.40103747066098,315.3134901171357,
263.0,130.25171002746757,202.3641552142744,332.615865241742,
263.5,139.675358655166,199.17153326502628,338.8468919201923,
264.0,129.4407002510416,195.0946714935942,324.53537174463577,
264.5,125.26581532855212,197.54960652812895,322.81542185668104,
265.0,126.28733364105673,203.20605334816793,329.49338698922463,
265.5,139.16168763434945,189.22634223993896,328.3880298742884,
266.0,136.80076126632525,213.00681748170229,349.80757874802754,
266.5,126.96472852245583,213.10609486440353,340.0708233868594,
267.0,127.13123612229997,204.1189705904081,331.25020671270806,
267.5,139.97625762918238,191.34377352787436,331.32003115705675,
268.0,127.9208601272839,206.51404727293877,334.43490740022264,
268.5,143.41247618580712,189.02425226937532,332.43672845518245,
269.0,141.61074454312995,188.5303750661742,330.14111960930416,
269.5,129.62445061283802,196.09518665533645,325.71963726817444,
270.0,130.20675428170387,202.9986887021795,333.20544298388336,
270.5,148.7562665700235,215.92487516225145,364.68114173227497,
271.0,137.02331591512242,212.44987209298927,349.4731880081117,
271.5,137.46611794133784,213.67549563599945,351.1416135773373,
272.0,146.82559134515006,204.9200000334423,351.7455913785924,
272.5,150.0318465476772,203.2955497764089,353.32739632408607,
273.0,151.32512127645742,204.81236288953812,356.13748416599555,
273.5,147.19183870517887,224.07578691208178,371.26762561726065,
274.0,140.16959171061836,196.41607574237452,336.5856674529929,
274.5,134.83548933397338,221.99164488367347,356.82713421764686,
275.0,149.23043831854875,214.11026225717183,363.3407005757206,
275.5,145.37855999471614,210.67916257568774,356.0577225704039,
276.0,143.21884018493955,220.05052981245413,363.2693699973937,
276.5,153.38636270189474,213.66636824274113,367.05273094463587,
277.0,138.00904964612306,226.04389714244985,364.0529467885729,
277.5,146.1643770858172,227.63855592033778,373.80293300615494,
278.0,137.06667289534843,214.0468278062037,351.11350070155214,
278.5,146.74148783988252,210.4791339170516,357.2206217569341,
279.0,139.0239655136368,220.72530985780094,359.74927537143776,
279.5,91.59657020823246,184.99918102657142,276.59575123480386,
280.0,141.3105249355421,210.83986567017004,352.1503906057121,
280.5,152.4766810423213,223.99369750690454,376.47037854922587,
281.0,154.9467975853085,225.03760660277567,379.98440418808417,
281.5,152.22765030194316,228.87169067245839,381.09934097440157,
282.0,160.3390509694908,211.61423055381775,371.95328152330853,
282.5,149.12928659047404,229.9322489404626,379.0615355309367,
283.0,147.88334172563717,236.52017561996917,384.40351734560636,
283.5,160.07925756378918,215.43279326610724,375.51205082989645,
284.0,147.71831677038904,217.9630997477163,365.6814165181054,
284.5,163.0509257888122,240.77455282124916,403.8254786100614,
285.0,144.57058949379632,217.85930858128467,362.429898075081,
285.5,164.26705153415278,238.86025280108734,403.1273043352401,
286.0,146.2755982390115,228.79713569344096,375.0727339324525,
286.5,163.7791372739614,222.24723223209526,386.02636950605665,
287.0,157.05512218172598,241.7556970381753,398.8108192199013,
287.5,166.90617092238597,229.79665765007994,396.70282857246593,
288.0,149.06953129470796,232.68772061789068,381.75725191259863,
288.5,159.2183606880264,228.82730108199297,388.04566177001936,
289.0,168.07595071238194,236.64732554304777,404.7232762554297,
289.5,159.70143188340296,224.57441617755066,384.27584806095365,
290.0,162.37797276270524,232.2124460995528,394.59041886225805,
290.5,164.2564487796923,250.3750696700586,414.6315184497509,
291.0,159.98472129535543,229.8508029810338,389.83552427638926,
291.5,163.99843660168122,242.62439993623872,406.62283653791997,
292.0,163.687886238462,233.49490192674082,397.18278816520285,
292.5,170.58003520981975,247.761693770598,418.34172898041777,
293.0,154.02202760682917,229.30340982155047,383.32543742837964,
293.5,159.2895387918446,255.2929313523563,414.5824701442009,
294.0,173.23662968153116,240.63448624150914,413.8711159230403,
294.5,172.59275067781832,234.92621390039392,407.51896457821226,
295.0,164.46063505571425,230.87490241990037,395.3355374756146,
295.5,168.3111269560307,234.5894371526262,402.9005641086569,
296.0,162.01802365962263,245.91801845668047,407.9360421163031,
296.5,160.79569819447522,241.2643952929386,402.06009348741384,
297.0,166.87106809879964,256.8517009764783,423.72276907527794,
297.5,165.22891956052104,245.7441257098542,410.9730452703752,
298.0,170.40072223701745,241.1126281776289,411.5133504146463,
298.5,160.8489677392997,253.00064959812087,413.84961733742057,
299.0,179.34979615332333,256.52611650656337,435.8759126598867,
299.5,180.15468988959205,241.1719572370285,421.3266471266205,
300.0,174.96323428039491,242.02857648864952,416.99181076904443,
300.5,172.29240232688238,238.9408428080063,411.23324513488865,
301.0,168.3324523257265,260.7748604519692,429.1073127776957,
301.5,178.99017539413896,259.44043582865413,438.4306112227931,
302.0,176.98222345107757,254.6101262724944,431.59234972357194,
302.5,167.11421378689784,266.5426134690759,433.6568272559737,
303.0,182.65564368987685,266.2353045885016,448.89094827837846,
303.5,181.46401985846336,260.4749309319025,441.9389507903659,
304.0,184.58639826583845,269.81293841539775,454.3993366812362,
304.5,180.68286516776718,250.79193630110302,431.47480146887017,
305.0,179.0158039187158,248.82758858193182,427.8433925006476,
305.5,175.69233572581237,254.41718834550963,430.10952407132197,
306.0,186.56296966708027,248.89340568267943,435.4563753497597,
306.5,185.81155279000816,263.97338584003097,449.78493863003916,
307.0,169.9774734021238,276.99537076884883,446.9728441709726,
307.5,170.18421448994502,250.93780622005528,421.1220207100003,
308.0,177.770867337561,254.28249742030084,432.0533647578618,
308.5,187.03834161563665,265.0482708485031,452.08661246413976,
309.0,191.1594225862989,280.36305052583714,471.522473112136,
309.5,175.00981282207056,262.6973831493025,437.70719597137304,
310.0,184.4726143070427,269.29704426065183,453.76965856769453,
310.5,180.79729213262044,256.19588577151177,436.9931779041322,
311.0,193.16818795629206,260.2690960288627,453.43728398515475,
311.5,191.2036534627142,286.2892036887654,477.4928571514796,
312.0,191.72017409422276,286.51676089308137,478.23693498730415,
312.5,184.92073819589942,258.5856994280323,443.5064376239317,
313.0,184.4374900467533,287.86755356269714,472.3050436094504,
313.5,182.20441643861412,279.363898134465,461.5683145730791,
314.0,178.45990993301854,287.10634883560067,465.5662587686192,
314.5,195.22392252510105,275.5908956690158,470.81481819411687,
315.0,194.78552018260154,278.29788085737755,473.0834010399791,
315.5,199.1208284657226,278.37809740770757,477.49892587343015,
316.0,199.6591367414781,284.6027277263831,484.2618644678612,
316.5,191.43590911205257,269.6718376426894,461.107746754742,
317.0,196.3088483036102,267.26840769618036,463.57725599979057,
317.5,200.42718959764858,276.4953982477357,476.92258784538427,
318.0,199.12854781354824,289.2876228820994,488.4161706956477,
318.5,187.68723703486395,275.09390356368846,462.7811405985524,
319.0,192.35678270620187,290.1337729997476,482.4905557059494,
319.5,186.53566330302988,299.92206138321814,486.457724686248,
320.0,203.64102054517446,274.53702147368256,478.178042018857,
320.5,197.2919676890176,292.79476354675376,490.08673123577137,
321.0,190.35075611006928,286.82730657913714,477.1780626892064,
321.5,199.82228868811714,300.4585676313252,500.28085631944236,
322.0,199.36216480915795,280.62969368342164,479.9918584925796,
322.5,194.77512936065685,296.99627856678495,491.7714079274418,
323.0,190.49625184399258,302.2646586894433,492.7609105334359,
323.5,202.270738911856,306.3647265842207,508.6354654960767,
324.0,199.86055401807585,299.4302408486894,499.2907948667652,
324.5,205.5168428347128,294.75594292025283,500.27278575496564,
325.0,201.0907700222399,299.28541720603647,500.37618722827636,
325.5,208.34910500637082,307.72784953436155,516.0769545407323,
326.0,202.96253677548972,299.6910923991649,502.6536291746546,
326.5,203.76303443070776,284.39791179090514,488.1609462216129,
327.0,210.69817205316693,312.32966086520935,523.0278329183762,
327.5,201.85653232424795,306.0033025309469,507.85983485519483,
328.0,197.08990456901282,306.5306015733174,503.6205061423302,
328.5,195.60892852626682,293.6245545719315,489.23348309819835,
329.0,210.76064511347238,307.84136410697977,518.6020092204521,
329.5,208.6896660270693,300.8126321696248,509.50229819669414,
330.0,210.9915953619845,309.4569893112448,520.4485846732293,
330.5,201.79675823017826,294.04249090923975,495.83924913941803,
331.0,200.89332951173543,311.5061591380911,512.3994886498265,
331.5,199.08616831335766,322.68071177312004,521.7668800864777,
332.0,206.43735117613198,295.0735611658167,501.5109123419487,
332.5,211.8552287370927,323.8727255266395,535.7279542637322,
333.0,208.53398090199468,307.6964388216862,516.2304197236808,
333.5,210.0717734404746,322.54490351011776,532.6166769505924,
334.0,220.039573889875,320.8283645217482,540.8679384116232,
334.5,209.55658434046603,315.30318782960006,524.8597721700661,
335.0,213.50728978319626,321.3834762775399,534.8907660607362,
335.5,219.5375352548229,326.5241668390405,546.0617020938635,
336.0,212.43325564642544,313.233009649531,525.6662652959565,
336.5,217.5830090045575,311.86129484689724,529.4443038514547,
337.0,223.02837417493495,323.0210015669076,546.0493757418426,
337.5,225.41228747315287,328.1728782582378,553.5851657313907,
338.0,210.0050696185808,327.75175404329855,537.7568236618794,
338.5,226.23802750322992,329.76470946575904,556.002736968989,
339.0,218.19222586159077,319.846299444388,538.0385253059787,
339.5,214.1593627659792,332.2637264852507,546.4230892512298,
340.0,218.82271512476527,312.2862716611183,531.1089867858835,
340.5,229.8871265057096,325.9673729388255,555.8544994445351,
341.0,220.78626187985745,310.7595598149437,531.5458216948011,
341.5,218.15730720575021,321.2798748970082,539.4371821027585,
342.0,224.89961708633453,323.49304604614196,548.3926631324765,
342.5,217.6847873755639,325.3426807482777,543.0274681238416,
343.0,215.05036656217334,335.2812162006959,550.3315827628692,
343.5,216.76286943821304,327.0350430381105,543.7979124763235,
344.0,217.3993167791554,329.80160867867585,547.2009254578313,
344.5,218.53052887024586,324.4310239262298,542.9615527964756,
345.0,218.92404345298814,329.4675537488801,548.3915972018683,
345.5,229.62096989606425,326.05478881789446,555.6757587139587,
346.0,221.0980016879829,322.4006777130533,543.4986794010363,
346.5,225.0316206664772,339.2777578014413,564.3093784679185,
347.0,236.71286819812022,342.19158395665045,578.9044521547706,
347.5,228.9161078052574,341.70221038028836,570.6183181855458,
348.0,233.44875477042052,337.9960213140171,571.4447760844376,
348.5,224.20567242403257,336.45987340537687,560.6655458294094,
349.0,225.2676803761734,351.9428094871547,577.2104898633281,
349.5,293.5088689590028,282.921346124272,576.4302150832748,
350.0,226.12870126144327,342.37545632889186,568.5041575903351,
350.5,228.98728178063914,329.749961974193,558.7372437548322,
351.0,227.62210968553492,340.20023482878463,567.8223445143195,
351.5,226.5233256751411,342.3521685635757,568.8754942387168,
352.0,227.83031742201197,343.895883426907,571.726200848919,
352.5,235.3024503606545,350.3226710768199,585.6251214374744,
353.0,230.88377436811584,349.91327640180634,580.7970507699222,
353.5,234.71367222096146,353.1314527838033,587.8451250047648,
354.0,238.1687454170971,358.8312978462638,597.0000432633609,
354.5,242.58137157258727,361.2662721614828,603.8476437340701,
355.0,230.23374279682196,359.41369228679486,589.6474350836168,
355.5,246.11068297818088,367.530410878648,613.6410938568289,
356.0,243.35640778981815,340.40777748029086,583.764185270109,
356.5,233.1104556389774,346.7316395705064,579.8420952094838,
357.0,249.6246724821355,342.0840862493442,591.7087587314797,
357.5,251.24932301063623,362.281741424638,613.5310644352743,
358.0,234.73315919709725,370.8001164684996,605.5332756655969,
358.5,239.72982796294403,352.16676889728893,591.896596860233,
359.0,250.9979255958612,373.6778363438892,624.6757619397504,
359.5,250.52166880767317,348.68072170868686,599.2023905163601,
360.0,239.93042038712753,375.9130808041654,615.843501191293,
360.5,241.1114614667342,359.437380617189,600.5488420839232,
361.0,245.01934205582762,352.9414248534765,597.9607669093041,
361.5,247.98673470382045,365.4864527755898,613.4731874794102,
362.0,251.34869543060591,359.62649703161526,610.9751924622212,
362.5,247.05014779139546,361.4836870588577,608.5338348502531,
363.0,249.61179432266294,363.1718989477886,612.7836932704515,
363.5,256.0006937626751,379.06107693497984,635.061770697655,
364.0,242.47606405781195,372.1636383002577,614.6397023580696,
364.5,247.48321388688038,366.3479309746801,613.8311448615605,
365.0,257.39449171769104,376.34001349932754,633.7345052170185,
365.5,261.725611753744,380.53722022669575,642.2628319804397,
366.0,254.7499488423133,368.255520022006,623.0054688643193,
366.5,255.85454470530632,373.50877304576056,629.3633177510669,
367.0,248.05254022679551,365.78578280010845,613.8383230269039,
367.5,255.55512233646908,368.59198048604037,624.1471028225094,
368.0,257.9579453291004,384.6207356189494,642.5786809480499,
368.5,252.85468507269456,370.6614504308688,623.5161355035634,
369.0,254.0907646189876,382.0057015100118,636.0964661289994,
369.5,256.9531582620924,388.55608785167294,645.5092461137654,
370.0,250.51142395555453,371.5263076928423,622.0377316483969,
370.5,257.2550583116636,386.37606658886716,643.6311249005307,
371.0,255.7468601399309,378.0916835110409,633.8385436509718,
371.5,258.7732220435583,400.3221062571274,659.0953283006857,
372.0,255.32484263638503,386.98156940159777,642.3064120379828,
372.5,271.44742061479786,397.6972764932547,669.1446971080526,
373.0,266.216949071081,391.06799626468785,657.2849453357688,
373.5,268.6363213828898,376.90867598564455,645.5449973685343,
374.0,271.5478247721468,395.6473412678207,667.1951660399675,
374.5,266.4443189785811,406.2428002661997,672.6871192447809,
375.0,258.9259057617485,396.79835460438994,655.7242603661384,
375.5,268.64260583637093,404.3763657828037,673.0189716191746,
376.0,270.3512223604176,407.37899390045226,677.7302162608698,
376.5,274.23806448368657,388.748693158468,662.9867576421545,
377.0,268.67829092459357,389.3225451972468,658.0008361218404,
377.5,263.31348105591127,402.34692966552973,665.6604107214409,
378.0,267.1551181159745,397.4060540942012,664.5611722101758,
378.5,269.45992092797275,411.3301390860016,680.7900600139744,
379.0,275.836244826632,414.19549370194034,690.0317385285723,
379.5,275.05404109337826,398.85934137908157,673.9133824724598,
380.0,271.4819345179569,396.42611676923445,667.9080512871914,
380.5,284.8127799758596,413.80046545731585,698.6132454331755,
381.0,277.92139638713775,399.6949810664441,677.6163774535819,
381.5,271.2748108347199,417.19672955541034,688.4715403901303,
382.0,269.29124945240807,406.29934760946287,675.590597061871,
382.5,271.03905778368664,414.68399697874406,685.7230547624307,
383.0,273.6282545676902,398.5952594150401,672.2235139827303,
383.5,272.65090246519117,415.51807974029725,688.1689822054884,
384.0,273.8977404810261,411.4298303621169,685.327570843143,
384.5,276.5983783738769,416.55095389526423,693.1493322691412,
385.0,275.0949719058951,405.0704262323459,680.165398138241,
385.5,290.2947834925285,423.21491234832547,713.509695840854,
386.0,274.6970749132329,428.07271232629694,702.7697872395298,
386.5,284.3165027914051,409.77249400272325,694.0889967941284,
387.0,282.76903653979326,407.22463666560486,689.9936732053982,
387.5,294.9444473381722,406.1466575813902,701.0911049195624,
388.0,278.2743780433611,425.782345013298,704.0567230566592,
388.5,284.7283869809149,425.8231210826635,710.5515080635784,
389.0,296.8993086655074,425.0997223814221,721.9990310469295,
389.5,295.55961751787964,416.7471128834793,712.3067304013589,
390.0,295.3314414189856,422.6071798771655,717.938621296151,
390.5,284.8895315408988,429.8069900555853,714.6965215964841,
391.0,283.89165174780135,427.96980576577516,711.8614575135765,
391.5,294.5901393984886,443.7958656064466,738.3860050049352,
392.0,300.54911978255177,419.3523925767021,719.9015123592538,
392.5,293.84213286027864,437.21183662142784,731.0539694817064,
393.0,294.885353789398,429.58676304312877,724.4721168325268,
393.5,289.7998568732057,431.40428844776847,721.2041453209742,
394.0,300.3382586638388,441.18873296974533,741.5269916335842,
394.5,289.4383499711505,441.53778453973115,730.9761345108816,
395.0,292.9210847280849,451.60767981106574,744.5287645391506,
395.5,295.70720377232834,426.8285286836238,722.5357324559521,
396.0,298.1026075736891,427.208089481525,725.3106970552142,
396.5,293.5514696483017,446.9244645138623,740.475934162164,
397.0,291.7538364947841,443.6568075101923,735.4106440049763,
397.5,302.4242758488327,435.6423199967942,738.0665958456268,
398.0,296.7402110648051,430.91378106966965,727.6539921344747,
398.5,303.3490394284523,432.2160474878929,735.5650869163452,
399.0,295.56915430548406,457.58852623992357,753.1576805454076,
399.5,302.8632770370964,437.63671974156233,740.4999967786587,
400.0,304.6517886510318,442.70114686346574,747.3529355144975,
400.5,295.7969457364486,440.9203920668097,736.7173378032583,
401.0,302.2539855638785,445.8926891749582,748.1466747388367,
401.5,298.9725685387795,438.4490152823829,737.4215838211624,
402.0,298.3150994094554,453.06299372724817,751.3780931367036,
402.5,317.61107964779893,440.64587690776654,758.2569565555655,
403.0,305.0241768994945,463.7558952346709,768.7800721341654,
403.5,315.54076391709276,447.88566245731306,763.4264263744058,
404.0,305.2032130952753,458.2051574381354,763.4083705334108,
404.5,314.5085294444786,469.53907262684385,784.0476020713224,
405.0,316.8520571977938,463.79632107141595,780.6483782692097,
405.5,314.3302498121569,461.39343359654015,775.7236834086971,
406.0,312.6199237710032,456.2708125934613,768.8907363644645,
406.5,312.19709328294533,457.6683573917459,769.8654506746911,
407.0,311.7104653308599,468.9018086559457,780.6122739868056,
407.5,324.0974578849565,479.781680836635,803.8791387215915,
408.0,322.8939881557545,470.9543756954813,793.8483638512358,
408.5,326.3578132133302,468.9758025211007,795.3336157344309,
409.0,310.31984446971086,475.30631530717733,785.6261597768882,
409.5,323.22882450407286,468.48886836851153,791.7176928725844,
410.0,328.1568091364207,457.4842702780235,785.6410794144442,
410.5,313.7941363233131,473.69760447633723,787.4917407996504,
411.0,312.27982534733553,486.7075585351614,798.9873838824969,
411.5,326.55368798580116,464.38938827072974,790.943076256531,
412.0,324.00306226359817,480.98334672461993,804.986408988218,
412.5,330.13345053516537,467.46551065977167,797.598961194937,
413.0,316.8765475325257,478.6680305341923,795.544578066718,
413.5,330.7716212371978,466.6505934894015,797.4222147265993,
414.0,319.6849464009549,478.4199280877455,798.1048744887005,
414.5,319.71259385731406,488.7535998668573,808.4661937241714,
415.0,320.5128159586198,477.65714572716945,798.1699616857893,
415.5,334.30796940462767,488.3400517346165,822.6480211392442,
416.0,332.110344413924,493.42029882369184,825.5306432376158,
416.5,330.0585834953824,498.53763458438357,828.596218079766,
417.0,327.56570968247,478.9284624556636,806.4941721381335,
417.5,338.7258858162622,485.03697747427924,823.7628632905414,
418.0,329.82450214845267,478.7996803999125,808.6241825483652,
418.5,339.10226378943156,505.1728050647513,844.2750688541828,
419.0,332.3485981714044,504.3808290377288,836.7294272091332,
419.5,331.9013635884981,493.9434139084167,825.8447774969147,
420.0,334.4135957133921,504.1809988312925,838.5945945446847,
420.5,331.9860324832828,495.7254393181612,827.7114718014441,
421.0,341.710087603525,499.98237064008276,841.6924582436077,
421.5,337.6126828018496,485.1280329634805,822.7407157653302,
422.0,333.0038539029363,506.2933126149042,839.2971665178405,
422.5,347.15336646549133,488.648904509057,835.8022709745483,
423.0,337.64292442746415,510.7832289075758,848.42615333504,
423.5,341.64033222227977,510.64714263011155,852.2874748523914,
424.0,349.7038422192909,509.6351409322893,859.3389831515801,
424.5,344.8652349182798,490.6455114157428,835.5107463340225,
425.0,335.5254608141672,499.8438506783598,835.369311492527,
425.5,452.4164941719506,480.5632301135604,932.979724285511,
426.0,347.35856106142836,503.93689222414554,851.2954532855739,
426.5,342.3123872931417,496.9555824029151,839.2679696960568,
427.0,339.21054145326775,523.6299346909318,862.8404761441996,
427.5,353.11737878540583,513.3315672213713,866.4489460067771,
428.0,350.45105511857025,507.0809293197406,857.5319844383109,
428.5,349.5324968395264,511.02374551222846,860.5562423517549,
429.0,357.55575166101914,513.730876215145,871.2866278761642,
429.5,356.2654192244906,519.5345300008186,875.7999492253091,
430.0,344.343497594655,518.1903828308948,862.5338804255498,
430.5,348.361916355911,531.5064591964325,879.8683755523434,
431.0,347.9156827962893,520.0397044871748,867.9553872834641,
431.5,358.64420085145355,536.1030404446993,894.7472412961529,
432.0,345.2562486947155,533.0899487323528,878.3461974270683,
432.5,356.80466869742634,515.0128154307201,871.8174841281465,
433.0,361.4782737148138,537.8870564393175,899.3653301541312,
433.5,364.58758773523493,514.6732919365642,879.2608796717991,
434.0,354.71803497431813,536.9202912547357,891.6383262290539,
434.5,365.12662109344024,525.0313988042974,890.1580198977376,
435.0,351.7401347391042,541.1692296133522,892.9093643524564,
435.5,367.28352083469036,542.0904007032236,909.3739215379139,
436.0,353.7321732466396,541.4465620035286,895.1787352501682,
436.5,359.9570208112073,542.1912130892118,902.1482339004192,
437.0,368.78700731559104,528.8535741729413,897.6405814885323,
437.5,356.6702235469755,523.3650784915376,880.035302038513,
438.0,359.08862790465275,534.2526053629548,893.3412332676075,
438.5,369.7813263678613,528.5960354495952,898.3773618174565,
439.0,370.5706307309215,545.4673326670738,916.0379633979953,
439.5,369.827427657706,536.2316917961335,906.0591194538395,
440.0,371.71896888934197,556.3483060257973,928.0672749151393,
440.5,369.5309638669519,547.5418623203599,917.0728261873118,
441.0,364.5498811781391,554.2212169090309,918.77109808717,
441.5,367.2661948700784,534.7580401822554,902.0242350523338,
442.0,364.8235543360285,557.8796344681788,922.7031888042072,
442.5,380.2008862266726,560.9402157154019,941.1411019420746,
443.0,374.54093589532243,549.109057564568,923.6499934598905,
443.5,371.73230333527283,553.9258881325293,925.6581914678021,
444.0,373.79851607288265,559.9250940270899,933.7236100999726,
444.5,384.34814179223633,543.4698588178123,927.8180006100487,
445.0,369.3145280623216,554.5469822939033,923.8615103562249,
445.5,378.818071640336,552.6765908331695,931.4946624735055,
446.0,378.05817357768933,546.3560197648676,924.4141933425569,
446.5,381.017359708693,554.2403326687461,935.2576923774391,
447.0,369.99930367641684,546.5103692815649,916.5096729579817,
447.5,387.92935317888305,546.4918572084846,934.4212103873676,
448.0,389.9799656496723,551.0261886746448,941.0061543243171,
448.5,383.49193867178417,577.1197533476752,960.6116920194594,
449.0,386.9749164775378,565.9686860768505,952.9436025543883,
449.5,392.3454626235459,579.7153648345967,972.0608274581426,
450.0,388.89477268626797,564.9749363499039,953.8697090361719,
450.5,378.65625585828525,562.6151839925578,941.2714398508431,
451.0,387.9876672033363,569.7070558852073,957.6947230885436,
451.5,389.45357592765714,568.9716506589873,958.4252265866444,
452.0,386.6602134260478,560.2211405278523,946.8813539539001,
452.5,278.5140669916359,700.0,978.5140669916359,
453.0,398.5844402953803,566.066345475288,964.6507857706683,
453.5,399.26964525813554,579.441938646935,978.7115839050705,
454.0,390.63718742808265,581.6308327719446,972.2680202000272,
454.5,384.7482359168151,567.9574455938595,952.7056815106746,
455.0,403.0443239792467,566.5104888133201,969.5548127925667,
455.5,400.99043672891867,589.3675475820532,990.3579843109719,
456.0,387.5716536240654,581.0148127130797,968.5864663371451,
456.5,404.3621126523475,570.2432138651643,974.6053265175118,
457.0,404.21102724124256,599.623189515093,1003.8342167563355,
457.5,398.0586361425215,572.7909168298911,970.8495529724125,
458.0,400.3771087148986,593.1902568657566,993.5673655806552,
458.5,397.40232907740267,603.1326677579025,1000.5349968353052,
459.0,391.38913277644065,582.0822031264778,973.4713359029184,
459.5,397.87041983291806,580.4601810606159,978.330600893534,
460.0,408.09706897196025,581.1215481826729,989.2186171546332,
460.5,393.0071154600921,587.8669544270278,980.87406988712,
461.0,400.45988343382294,583.0901743303194,983.5500577641424,
461.5,402.6296488718189,602.115140250824,1004.7447891226429,
462.0,406.2915120587585,584.511953943902,990.8034660026605,
462.5,414.8189873282553,599.2201638444936,1014.0391511727489,
463.0,404.2280198873193,615.1341056155894,1019.3621255029087,
463.5,405.1203390379246,610.9494080851807,1016.0697471231053,
464.0,413.812424962195,606.2853831469304,1020.0978081091254,
464.5,408.98883381779615,598.3163086235984,1007.3051424413945,
465.0,405.3195964587997,609.1468750887492,1014.466471547549,
465.5,410.76026532265394,607.5439439173497,1018.3042092400036,
466.0,405.41354040759603,605.8193015167112,1011.2328419243072,
466.5,407.01001473012445,598.263611302206,1005.2736260323304,
467.0,414.33645545478964,622.2473264572141,1036.5837819120038,
467.5,413.63538399009104,610.4510394646397,1024.0864234547307,
468.0,424.44251802136205,604.1058753546231,1028.5483933759851,
468.5,414.28315298233275,610.6110805263188,1024.8942335086515,
469.0,419.5376670055608,613.3146925758678,1032.8523595814286,
469.5,421.4627607583906,627.0308368670061,1048.4935976253967,
470.0,409.97188913176666,625.5284314168421,1035.5003205486087,
470.5,423.87422244033417,627.9158468092402,1051.7900692495743,
471.0,415.058619337395,606.4857379328594,1021.5443572702543,
471.5,431.61468134938906,619.9589199453928,1051.5736012947818,
472.0,416.26285455506223,623.2355245490596,1039.4983791041218,
472.5,422.47935747454045,610.6932683046916,1033.172625779232,
473.0,416.7920933615728,619.235596262351,1036.0276896239238,
473.5,435.92176003691884,635.5749946936639,1071.4967547305828,
474.0,426.92830020662484,618.20609117187,1045.134391378495,
474.5,429.69317534640084,631.4800039435777,1061.1731792899786,
475.0,420.0290295477686,623.2060561605172,1043.2350857082856,
475.5,434.58968440798355,618.4443232393168,1053.0340076473003,
476.0,424.69251186191167,626.6488437279862,1051.3413555898978,
476.5,439.36036078881426,650.0225126473015,1089.3828734361157,
477.0,426.40789280964015,646.1273133564897,1072.53520616613,
477.5,427.0256294132733,652.204799329631,1079.2304287429042,
478.0,424.8505933569619,639.3908213177908,1064.2414146747528,
478.5,434.4696139021999,629.3863859603251,1063.855999862525,
479.0,437.23472266525226,643.8735846692108,1081.108307334463,
479.5,428.162647788567,642.4080200367988,1070.570667825366,
480.0,443.2705523339002,655.4507124821885,1098.7212648160887,
480.5,437.7382516949605,634.4071774235273,1072.1454291184878,
481.0,440.0737053865516,647.4580341106533,1087.5317394972049,
481.5,439.3155299387645,638.6597599408194,1077.975289879584,
482.0,439.43086121750645,645.2474778067017,1084.678339024208,
482.5,443.52468162616435,658.9782123216339,1102.5028939477984,
483.0,436.35390491861426,652.489743881063,1088.8436487996773,
483.5,437.8058376099054,650.838948554373,1088.6447861642785,
484.0,452.3221124202703,652.751088357101,1105.0732007773713,
484.5,454.92878424267263,656.0561030521795,1110.9848872948521,
485.0,444.393686325595,667.1804963151117,1111.5741826407066,
485.5,443.26436846287106,671.7512406682071,1115.0156091310782,
486.0,451.65239086478033,675.0088405951178,1126.661231459898,
486.5,447.87095842196186,671.3174015876588,1119.1883600096207,
487.0,441.12882711320685,658.5354068724403,1099.6642339856471,
487.5,444.6699269473238,671.0815411825963,1115.75146812992,
488.0,456.7930445769479,664.9312937216617,1121.7243382986096,
488.5,456.57975383820303,660.8104186613815,1117.3901724995844,
489.0,444.8718198500697,679.7649473827777,1124.6367672328474,
489.5,449.698918238659,657.0614904688697,1106.7604087075288,
490.0,450.8114959317614,684.3328597640627,1135.144355695824,
490.5,460.5593298719746,672.497023938742,1133.0563538107167,
491.0,448.44811075508727,679.1428443042483,1127.5909550593356,
491.5,451.0694466396914,681.1829176661735,1132.2523643058648,
492.0,465.9199217074638,689.6327322211962,1155.55265392866,
492.5,454.42776824108665,683.2575904650163,1137.685358706103,
493.0,464.84802215703746,683.9552075428019,1148.8032296998394,
493.5,457.49393062093446,668.9178612168206,1126.4117918377551,
494.0,455.65722785518693,683.8530406583561,1139.510268513543,
494.5,459.4709188199891,674.1897700245113,1133.6606888445003,
495.0,469.9928386371132,693.1930130616445,1163.1858516987577,
495.5,473.6024043621257,687.8233576243802,1161.425761986506,
496.0,474.03479729133977,694.2516333762505,1168.2864306675904,
496.5,466.31694559236905,676.4844870180715,1142.8014326104405,
497.0,472.678802731413,679.1689604813741,1151.8477632127872,
497.5,464.36156090831645,699.5072016418806,1163.868762550197,
498.0,467.07055460522025,681.5737300799602,1148.6442846851805,
498.5,475.0,682.9440018329578,1157.9440018329578,
499.0,463.36193847021474,682.5660542570466,1145.9279927272614,
499.5,465.7606456170894,700.0,1165.7606456170893,
500.0,469.15772510292055,700.0,1169.1577251029205,
